{
  "c_omega_sq": 1.0233007836669694,
  "m_omega_sq": 0.00634402991625252,
  "r_squared": 0.5147503984465771
}